<?xml version="1.0" encoding="UTF-8"?>
<beans xmlns="http://www.springframework.org/schema/beans" xmlns:xsi="http://www.w3.org/2001/XMLSchema-instance"
  xmlns:mvc="http://www.springframework.org/schema/mvc" xmlns:context="http://www.springframework.org/schema/context"
  xmlns:tx="http://www.springframework.org/schema/tx"
  xsi:schemaLocation="http://www.springframework.org/schema/mvc http://www.springframework.org/schema/mvc/spring-mvc-3.2.xsd
        http://www.springframework.org/schema/beans http://www.springframework.org/schema/beans/spring-beans.xsd
        http://www.springframework.org/schema/tx http://www.springframework.org/schema/tx/spring-tx-3.2.xsd
        http://www.springframework.org/schema/context http://www.springframework.org/schema/context/spring-context-3.2.xsd">
 
  <!-- Enable annotation-based Spring MVC controllers (eg: @Controller annotation) -->
  <mvc:annotation-driven />
  
  <!-- Classpath scanning of @Component, @Service, etc annotated class -->
  <context:component-scan base-package="com.dmac.controller" />
  <context:component-scan base-package="com.dmac.controller.user" />
  <context:component-scan base-package="com.dmac.service" />
  <context:component-scan base-package="com.dmac.file" />
  
   
  <!-- MySQL Datasource with Commons DBCP connection pooling -->
  <bean class="org.apache.commons.dbcp.BasicDataSource" id="dataSource">
    <property name="driverClassName" value="com.mysql.jdbc.Driver"/>
    <property name="url" value="jdbc:mysql://127.0.0.1:3306/inferneon"/>
    <property name="username" value="root"/>
    <property name="password" value="dba"/>
  </bean>
   
  <!-- EntityManagerFactory -->
  <bean class="org.springframework.orm.jpa.LocalContainerEntityManagerFactoryBean" id="entityManagerFactory">
    <property name="persistenceUnitName" value="persistenceUnit"/>
    <property name="packagesToScan" value="com.dmac.entity" />
    <property name="dataSource" ref="dataSource"/>
    <property name="jpaVendorAdapter">
         <bean class="org.springframework.orm.jpa.vendor.HibernateJpaVendorAdapter" />
    </property>
    <property name="jpaProperties">
         <props>
            <prop key="hibernate.hbm2ddl.auto">validate</prop>
            <prop key="hibernate.dialect">org.hibernate.dialect.MySQL5Dialect</prop>
         </props>
    </property>
  </bean>
   
  <!-- Transaction Manager -->
  <bean class="org.springframework.orm.jpa.JpaTransactionManager" id="transactionManager">
    <property name="entityManagerFactory" ref="entityManagerFactory"/>
  </bean>
   
  <!-- Enable @Transactional annotation -->
  <tx:annotation-driven/>
 
</beans>