<beans:beans xmlns="http://www.springframework.org/schema/security"
	xmlns:beans="http://www.springframework.org/schema/beans" xmlns:xsi="http://www.w3.org/2001/XMLSchema-instance"
	xsi:schemaLocation="http://www.springframework.org/schema/beans
	http://www.springframework.org/schema/beans/spring-beans-4.0.xsd
	http://www.springframework.org/schema/security
	http://www.springframework.org/schema/security/spring-security-4.0.xsd">

	<!-- enable use-expressions -->
	<http auto-config="true" use-expressions="true">
		<intercept-url pattern="/dashboard/**" access="hasRole('ROLE_ADMIN')" />

		<!-- access denied page -->
		<access-denied-handler error-page="/loginUser/accessDenied.html" />
		<form-login 
		    login-page="/loginUser/login.html" 
		    default-target-url="/loginUser/login.html"
			authentication-failure-url="/loginUser/login.html?error" 
			username-parameter="username"
			password-parameter="password" />
		<logout logout-success-url="/loginUser/login.html?logout" />
		<!-- enable csrf protection -->
		<csrf />
	</http>

	<authentication-manager id="in-memory-auth">
        <authentication-provider>
            <user-service>
                <user name="qwerty" password="qwerty" authorities="ADMIN" />
            </user-service>
        </authentication-provider>
    </authentication-manager>

</beans:beans>
